{"stats":{"minecraft:picked_up":{"minecraft:oak_log":2,"minecraft:cobblestone":4},"minecraft:mined":{"minecraft:oak_log":2},"minecraft:killed":{"world:goblin":1,"minecraft:zombie":1},"minecraft:custom":{"minecraft:time_since_rest":6508,"minecraft:deaths":2,"minecraft:crouch_one_cm":197,"minecraft:sprint_one_cm":40169,"minecraft:interact_with_furnace":1,"minecraft:play_time":15703,"minecraft:damage_taken":260,"minecraft:walk_one_cm":25243,"minecraft:sneak_time":210,"minecraft:walk_under_water_one_cm":116,"minecraft:mob_kills":2,"minecraft:drop":1,"minecraft:jump":209,"minecraft:damage_dealt":336,"minecraft:leave_game":3,"minecraft:walk_on_water_one_cm":1450,"minecraft:time_since_death":6479,"minecraft:total_world_time":15703,"minecraft:fall_one_cm":5185,"minecraft:fly_one_cm":36812},"minecraft:dropped":{"firstaid:bandage":16}},"DataVersion":3465}