{"stats":{"minecraft:used":{"minecraft:sand":9,"minecraft:sugar_cane":5},"minecraft:dropped":{"minecraft:sugar_cane":5},"minecraft:mined":{"minecraft:sugar_cane":9,"minecraft:dead_bush":1,"minecraft:sand":9},"minecraft:custom":{"minecraft:jump":75,"minecraft:time_since_rest":3666,"minecraft:crouch_one_cm":19,"minecraft:leave_game":1,"minecraft:sprint_one_cm":8626,"minecraft:play_time":3666,"minecraft:walk_on_water_one_cm":442,"minecraft:time_since_death":3666,"minecraft:walk_one_cm":4095,"minecraft:sneak_time":9,"minecraft:total_world_time":3666,"minecraft:drop":1,"minecraft:fall_one_cm":1939,"minecraft:fly_one_cm":21103},"minecraft:picked_up":{"minecraft:sand":9,"minecraft:sugar_cane":10}},"DataVersion":3465}