{"stats":{"minecraft:used":{"minecraft:stone_axe":1,"world:oak":1,"minecraft:dirt":4,"minecraft:crafting_table":1,"minecraft:stone_pickaxe":11,"minecraft:wooden_pickaxe":8},"minecraft:mined":{"minecraft:grass_block":1,"minecraft:dirt":3,"world:oak":1,"minecraft:spruce_log":6,"minecraft:spruce_leaves":8,"minecraft:stone":19,"minecraft:crafting_table":1},"minecraft:custom":{"minecraft:time_since_rest":12749,"minecraft:crouch_one_cm":950,"minecraft:play_time":12749,"minecraft:sprint_one_cm":33214,"minecraft:damage_taken":140,"minecraft:walk_one_cm":38783,"minecraft:sneak_time":302,"minecraft:walk_under_water_one_cm":349,"minecraft:drop":4,"minecraft:jump":164,"minecraft:damage_dealt":15,"minecraft:time_since_death":12749,"minecraft:walk_on_water_one_cm":2789,"minecraft:total_world_time":12749,"minecraft:swim_one_cm":1077,"minecraft:interact_with_crafting_table":3,"minecraft:fall_one_cm":4786,"minecraft:fly_one_cm":23574},"minecraft:picked_up":{"world:oak":1,"minecraft:crafting_table":1,"ars_nouveau:worn_notebook":1,"minecraft:spruce_log":6,"minecraft:dirt":4,"minecraft:cobblestone":19},"minecraft:crafted":{"minecraft:stone_axe":1,"minecraft:crafting_table":1,"minecraft:spruce_planks":24,"minecraft:stick":8,"minecraft:stone_pickaxe":1,"minecraft:wooden_pickaxe":1},"minecraft:dropped":{"ars_nouveau:worn_notebook":2,"minecraft:wooden_pickaxe":1,"patchouli:guide_book":1}},"DataVersion":3465}