{"stats":{"minecraft:used":{"inwitched:puffball_mushroom_item":1},"minecraft:mined":{"minecraft:oak_log":2,"inwitched:puffball_mushroom":1},"minecraft:killed":{"world:goblin":1,"minecraft:zombie":1},"minecraft:custom":{"minecraft:time_since_rest":9596,"minecraft:damage_taken":308,"minecraft:crouch_one_cm":197,"minecraft:interact_with_furnace":1,"minecraft:sprint_one_cm":45270,"minecraft:play_time":18791,"minecraft:deaths":2,"minecraft:walk_one_cm":30226,"minecraft:sneak_time":210,"minecraft:walk_under_water_one_cm":116,"minecraft:mob_kills":2,"minecraft:drop":1,"minecraft:jump":220,"minecraft:damage_dealt":336,"minecraft:leave_game":6,"minecraft:walk_on_water_one_cm":1450,"minecraft:time_since_death":9567,"minecraft:total_world_time":18791,"minecraft:fall_one_cm":5185,"minecraft:fly_one_cm":39109},"minecraft:picked_up":{"inwitched:puffball_mushroom_item":1,"minecraft:oak_log":2,"minecraft:cobblestone":4}},"DataVersion":3465}