{"stats":{"minecraft:mined":{"minecraft:large_fern":1,"minecraft:spruce_log":6,"minecraft:crafting_table":1,"minecraft:grass_block":1,"minecraft:dirt":3,"world:oak":1,"minecraft:spruce_leaves":8,"minecraft:stone":19},"minecraft:crafted":{"minecraft:crafting_table":1,"minecraft:spruce_planks":24,"minecraft:stick":8,"minecraft:wooden_pickaxe":1,"minecraft:stone_pickaxe":1,"minecraft:stone_axe":1},"minecraft:killed":{"roost:roost_rider":1,"minecraft:zombie":7,"world:dryad":1},"minecraft:dropped":{"ars_nouveau:worn_notebook":2,"minecraft:wooden_pickaxe":1,"patchouli:guide_book":1},"minecraft:used":{"minecraft:stone_pickaxe":11,"minecraft:wooden_pickaxe":8,"minecraft:stone_axe":23,"world:oak":1,"minecraft:dirt":4,"minecraft:crafting_table":1},"minecraft:custom":{"minecraft:time_since_rest":1832,"lootr:looted_stat":4,"minecraft:sprint_one_cm":42878,"minecraft:damage_taken":540,"minecraft:walk_one_cm":63051,"minecraft:mob_kills":10,"minecraft:drop":4,"minecraft:damage_dealt":2120,"minecraft:swim_one_cm":1077,"minecraft:interact_with_crafting_table":3,"minecraft:fly_one_cm":39272,"minecraft:crouch_one_cm":1771,"minecraft:play_time":18096,"minecraft:deaths":2,"minecraft:sneak_time":527,"minecraft:walk_under_water_one_cm":377,"minecraft:jump":228,"minecraft:leave_game":2,"minecraft:walk_on_water_one_cm":2887,"minecraft:time_since_death":1794,"minecraft:climb_one_cm":562,"minecraft:total_world_time":18096,"minecraft:fall_one_cm":6198},"minecraft:killed_by":{"minecraft:spider":1,"minecraft:zombie":1},"minecraft:picked_up":{"minecraft:crafting_table":1,"roost:roost_shank":3,"minecraft:spruce_log":6,"minecraft:dirt":4,"world:oak":1,"ars_nouveau:worn_notebook":1,"minecraft:emerald":1,"minecraft:cobblestone":19}},"DataVersion":3465}