{"stats":{"minecraft:custom":{"minecraft:jump":43,"minecraft:time_since_rest":3990,"minecraft:leave_game":1,"minecraft:walk_on_water_one_cm":494,"minecraft:sprint_one_cm":6134,"minecraft:play_time":3990,"minecraft:time_since_death":3990,"minecraft:walk_one_cm":1091,"minecraft:sneak_time":154,"minecraft:total_world_time":3990,"minecraft:fall_one_cm":896,"minecraft:drop":2,"minecraft:fly_one_cm":214027},"minecraft:dropped":{"minecraft:sand":3,"minecraft:stick":2},"minecraft:crafted":{"minecraft:oak_planks":12},"minecraft:mined":{"minecraft:oak_log":3,"minecraft:dead_bush":1,"minecraft:oak_leaves":1,"minecraft:sand":3},"minecraft:used":{"minecraft:oak_planks":12},"minecraft:picked_up":{"minecraft:sand":3,"minecraft:stick":2,"minecraft:oak_log":3}},"DataVersion":3465}