{"stats":{"minecraft:mined":{"minecraft:furnace":1,"minecraft:spruce_log":7,"minecraft:crafting_table":2,"minecraft:grass":1,"minecraft:grass_block":3,"minecraft:coal_ore":33,"minecraft:dirt":1,"roost:flatstoneblock":1,"minecraft:stone":32,"inwitched:russula_mushroom":1},"minecraft:crafted":{"minecraft:cooked_porkchop":7,"minecraft:crafting_table":2,"minecraft:spruce_planks":28,"minecraft:stick":16,"minecraft:spruce_button":1,"minecraft:wooden_pickaxe":1,"minecraft:stone_pickaxe":1,"minecraft:wooden_axe":1,"minecraft:furnace":1,"minecraft:torch":16,"minecraft:stone_axe":1,"minecraft:air":0},"minecraft:dropped":{"minecraft:dirt":1,"ars_nouveau:worn_notebook":1,"minecraft:wooden_axe":1,"minecraft:wooden_pickaxe":1},"minecraft:killed":{"minecraft:sheep":1,"xp_jellies:smallexperiencejellyfish":3,"minecraft:pig":4,"world:dryad":1},"minecraft:used":{"minecraft:wooden_axe":9,"minecraft:stone_pickaxe":53,"minecraft:spruce_button":1,"minecraft:wooden_pickaxe":3,"minecraft:torch":1,"minecraft:stone_axe":6,"minecraft:dirt":3,"minecraft:mutton":1,"minecraft:crafting_table":3,"minecraft:furnace":1,"minecraft:cooked_porkchop":3,"inwitched:russula_mushroom_item":1},"minecraft:custom":{"minecraft:time_since_rest":4308,"minecraft:damage_taken":397,"minecraft:sprint_one_cm":67779,"minecraft:interact_with_furnace":6,"minecraft:walk_one_cm":77980,"minecraft:mob_kills":9,"minecraft:drop":4,"minecraft:damage_dealt":980,"minecraft:interact_with_crafting_table":8,"minecraft:fly_one_cm":75851,"minecraft:crouch_one_cm":4787,"minecraft:play_time":25393,"minecraft:deaths":2,"minecraft:sneak_time":2111,"minecraft:jump":636,"minecraft:leave_game":4,"minecraft:time_since_death":4279,"minecraft:walk_on_water_one_cm":2109,"minecraft:total_world_time":25393,"minecraft:climb_one_cm":165,"minecraft:fall_one_cm":16642},"minecraft:killed_by":{"world:goblin":2},"minecraft:picked_up":{"minecraft:wooden_axe":1,"minecraft:crafting_table":2,"inwitched:russula_mushroom_item":1,"minecraft:porkchop":7,"minecraft:spruce_log":7,"minecraft:dirt":5,"xp_jellies:jellyglob":3,"firstaid:bandage":16,"minecraft:mutton":2,"minecraft:coal":35,"minecraft:white_wool":1,"minecraft:cobblestone":28,"minecraft:furnace":1}},"DataVersion":3465}