{"stats":{"minecraft:picked_up":{"minecraft:crafting_table":1,"minecraft:spruce_log":7,"minecraft:coal":3,"minecraft:mutton":2,"minecraft:white_wool":1,"minecraft:cobblestone":3},"minecraft:crafted":{"minecraft:crafting_table":2,"minecraft:spruce_planks":28,"minecraft:stick":8,"minecraft:stone_pickaxe":1,"minecraft:spruce_button":1,"minecraft:wooden_pickaxe":1,"minecraft:wooden_axe":1},"minecraft:mined":{"minecraft:grass":1,"minecraft:coal_ore":3,"minecraft:spruce_log":7,"minecraft:stone":3,"minecraft:crafting_table":1},"minecraft:killed":{"minecraft:sheep":1},"minecraft:custom":{"minecraft:time_since_rest":9320,"minecraft:crouch_one_cm":1618,"minecraft:play_time":9320,"minecraft:sprint_one_cm":15874,"minecraft:damage_taken":60,"minecraft:walk_one_cm":15014,"minecraft:sneak_time":764,"minecraft:mob_kills":1,"minecraft:drop":2,"minecraft:jump":169,"minecraft:damage_dealt":80,"minecraft:leave_game":1,"minecraft:time_since_death":9320,"minecraft:total_world_time":9320,"minecraft:interact_with_crafting_table":2,"minecraft:fall_one_cm":6678,"minecraft:fly_one_cm":17682},"minecraft:used":{"minecraft:wooden_axe":1,"minecraft:mutton":1,"minecraft:crafting_table":2,"minecraft:stone_pickaxe":3,"minecraft:spruce_button":1,"minecraft:wooden_pickaxe":3},"minecraft:dropped":{"ars_nouveau:worn_notebook":1,"minecraft:wooden_pickaxe":1}},"DataVersion":3465}