{"stats":{"minecraft:picked_up":{"minecraft:wooden_axe":1,"minecraft:crafting_table":2,"inwitched:russula_mushroom_item":1,"minecraft:porkchop":7,"minecraft:spruce_log":7,"minecraft:dirt":5,"xp_jellies:jellyglob":2,"firstaid:bandage":16,"minecraft:mutton":2,"minecraft:coal":35,"minecraft:cobblestone":28,"minecraft:white_wool":1,"minecraft:furnace":1},"minecraft:crafted":{"minecraft:cooked_porkchop":7,"minecraft:crafting_table":2,"minecraft:spruce_planks":28,"minecraft:stick":16,"minecraft:spruce_button":1,"minecraft:wooden_pickaxe":1,"minecraft:stone_pickaxe":1,"minecraft:wooden_axe":1,"minecraft:furnace":1,"minecraft:torch":16,"minecraft:stone_axe":1,"minecraft:air":0},"minecraft:mined":{"minecraft:furnace":1,"minecraft:spruce_log":7,"minecraft:crafting_table":2,"minecraft:grass":1,"minecraft:grass_block":3,"minecraft:coal_ore":33,"minecraft:dirt":1,"roost:flatstoneblock":1,"minecraft:stone":32,"inwitched:russula_mushroom":1},"minecraft:killed":{"minecraft:sheep":1,"xp_jellies:smallexperiencejellyfish":2,"minecraft:pig":4,"world:dryad":1},"minecraft:custom":{"minecraft:time_since_rest":1059,"minecraft:interact_with_furnace":6,"minecraft:sprint_one_cm":48525,"minecraft:damage_taken":223,"minecraft:walk_one_cm":58452,"minecraft:mob_kills":8,"minecraft:drop":4,"minecraft:damage_dealt":880,"minecraft:interact_with_crafting_table":8,"minecraft:fly_one_cm":50755,"minecraft:deaths":1,"minecraft:crouch_one_cm":4628,"minecraft:play_time":20512,"minecraft:sneak_time":2082,"minecraft:jump":443,"minecraft:leave_game":2,"minecraft:walk_on_water_one_cm":2109,"minecraft:time_since_death":1030,"minecraft:total_world_time":20512,"minecraft:fall_one_cm":11489},"minecraft:killed_by":{"world:goblin":1},"minecraft:used":{"minecraft:wooden_axe":9,"minecraft:stone_pickaxe":53,"minecraft:spruce_button":1,"minecraft:wooden_pickaxe":3,"minecraft:stone_axe":4,"minecraft:torch":1,"minecraft:dirt":1,"minecraft:mutton":1,"minecraft:crafting_table":3,"minecraft:furnace":1,"minecraft:cooked_porkchop":2,"inwitched:russula_mushroom_item":1},"minecraft:dropped":{"minecraft:dirt":1,"ars_nouveau:worn_notebook":1,"minecraft:wooden_axe":1,"minecraft:wooden_pickaxe":1}},"DataVersion":3465}