{
  "rpgsmw:choose_your_class": {
    "criteria": {
      "choose_your_class_0": "2024-07-21 07:47:21 +0000"
    },
    "done": true
  },
  "xercamusic:achievements/root": {
    "criteria": {
      "crafting_table": "2024-07-21 07:47:21 +0000"
    },
    "done": true
  },
  "cavernous:geology_rocks": {
    "criteria": {
      "cobblestone": "2024-07-21 07:54:44 +0000"
    },
    "done": false
  },
  "lootr:root": {
    "criteria": {
      "always_true": "2024-07-21 07:47:21 +0000"
    },
    "done": true
  },
  "minecraft:adventure/adventuring_time": {
    "criteria": {
      "minecraft:taiga": "2024-07-21 07:47:22 +0000",
      "minecraft:frozen_river": "2024-07-21 07:51:21 +0000"
    },
    "done": false
  },
  "tetra:recipes/planks": {
    "criteria": {
      "got_wood": "2024-07-21 07:54:07 +0000"
    },
    "done": true
  },
  "eeeabsmobs:eeeabsmobs/root": {
    "criteria": {
      "requirement": "2024-07-21 07:47:21 +0000"
    },
    "done": true
  },
  "parcool:grant_parcool_guide": {
    "criteria": {
      "tick": "2024-07-21 07:47:21 +0000"
    },
    "done": true
  },
  "minecraft:story/mine_stone": {
    "criteria": {
      "get_stone": "2024-07-21 07:54:44 +0000"
    },
    "done": true
  },
  "ars_nouveau:root": {
    "criteria": {
      "ars_nouveau:worn_notebook": "2024-07-21 07:47:21 +0000"
    },
    "done": true
  },
  "farmersdelight:main/root": {
    "criteria": {
      "seeds": "2024-07-21 07:47:21 +0000"
    },
    "done": true
  },
  "cavernous:root": {
    "criteria": {
      "makepickaxe": "2024-07-21 07:54:20 +0000"
    },
    "done": true
  },
  "minecraft:story/upgrade_tools": {
    "criteria": {
      "stone_pickaxe": "2024-07-21 07:56:33 +0000"
    },
    "done": true
  },
  "rpgsmw:berserk_class": {
    "criteria": {
      "berserk_class_0": "2024-07-21 07:48:36 +0000"
    },
    "done": true
  },
  "minecraft:story/root": {
    "criteria": {
      "crafting_table": "2024-07-21 07:54:12 +0000"
    },
    "done": true
  },
  "DataVersion": 3465
}